DATAMOVIMENTO;SEMANA;VALOR
01/02/2016;2;1498
01/02/2017;4;2540
01/02/2018;5;854
01/02/2019;6;1910,46
01/02/2020;7;939
01/02/2021;2;1100
27/10/2022;5;13952
01/03/2016;3;830
01/03/2017;4;3568,1
01/03/2018;5;3031
01/03/2019;6;2074,1
01/03/2021;2;2192
01/04/2015;4;123
01/04/2016;6;422
01/04/2017;7;2073
01/04/2019;2;2360
01/04/2021;5;1107
01/06/2015;2;142
01/06/2016;4;270
01/06/2017;5;1634
01/06/2018;6;1565
01/06/2019;7;2955
01/06/2020;2;998
01/06/2021;3;935,8
07/11/2022;2;11445,5
01/07/2015;4;716
01/07/2016;6;4876,5
01/07/2017;7;2662
01/07/2019;2;3067
01/07/2020;4;3259,42
01/07/2021;5;4792
01/08/2014;6;181,01
01/08/2015;7;575
01/08/2016;2;155
01/08/2017;3;1066
01/08/2018;4;4254
01/08/2019;5;1434
01/08/2020;7;455
11/07/2022;2;10857,83
01/09/2014;2;60
01/09/2016;5;550
01/09/2017;6;2190
01/09/2018;7;3733
01/09/2020;3;1870,72
01/09/2021;4;1598
01/10/2014;4;210
01/10/2016;7;314
01/10/2018;2;56
01/10/2019;3;1907
01/10/2020;5;130
01/10/2021;6;1060
28/12/2022;4;10561,4
01/11/2014;7;455
01/11/2016;3;1820
01/11/2017;4;401,8
01/11/2018;5;974,54
01/11/2019;6;3632
01/11/2021;2;5233
01/12/2014;2;1264,5
01/12/2016;5;1533
01/12/2017;6;1339
01/12/2018;7;3778
01/12/2020;3;2479
01/12/2021;4;3995
18/08/2022;5;10462,49
02/02/2015;2;1030
02/02/2016;3;35
02/02/2017;5;883
02/02/2018;6;2100,01
02/02/2019;7;982
02/02/2021;3;2593
02/03/2015;2;298
02/03/2016;4;695
02/03/2017;5;1229
02/03/2018;6;1278
02/03/2019;7;2010
02/03/2020;2;1008
02/03/2021;3;1138,85
30/09/2022;6;9750
02/04/2015;5;847
02/04/2016;7;810
02/04/2018;2;2073
02/04/2019;3;2407
02/05/2015;7;1692
02/05/2016;2;340
02/05/2017;3;1849
02/05/2018;4;1295
02/05/2019;5;794
02/05/2020;7;3803,01
21/12/2022;4;9587
02/06/2015;3;195
02/06/2016;5;915
02/06/2017;6;3147
02/06/2018;7;717
02/06/2020;3;1985
02/06/2021;4;2679,8
02/07/2015;5;1800
02/07/2016;7;349
02/07/2018;2;2101
02/07/2019;3;4347
02/07/2020;5;1485,99
02/07/2021;6;1915
07/12/2022;4;9225,79
02/08/2014;7;675,03
02/08/2016;3;80
02/08/2017;4;763
02/08/2018;5;700
02/08/2019;6;1779
02/08/2021;2;2670
02/09/2014;3;272
02/09/2016;6;630
02/09/2017;7;975
02/09/2019;2;541
02/09/2020;4;2426
02/09/2021;5;2999,6
16/05/2022;2;9114,5
02/10/2014;5;1208
02/10/2017;2;1762
02/10/2018;3;3045
02/10/2019;4;972
02/10/2020;6;3748
02/10/2021;7;4636
02/12/2014;3;489
02/12/2016;6;2463
02/12/2017;7;2795
02/12/2019;2;35
02/12/2020;4;742
02/12/2021;5;2287
03/01/2017;3;1027
03/01/2018;4;835
03/01/2019;5;1538
03/01/2020;6;554
22/06/2022;4;8931,8
03/02/2015;3;320
03/02/2016;4;225
03/02/2017;6;2103
03/02/2018;7;1401
03/02/2020;2;4705
03/02/2021;4;4144
03/03/2015;3;676
03/03/2016;5;406
03/03/2017;6;1765
03/03/2018;7;103
03/03/2020;3;1951,05
03/03/2021;4;924
10/06/2022;6;8427,97
03/04/2017;2;3301,6
03/04/2018;3;3465
03/04/2019;4;1722,36
03/04/2021;7;1045
03/05/2016;3;1575,5
03/05/2017;4;1367,6
03/05/2018;5;1430
03/05/2019;6;2028,6
03/05/2021;2;4491
03/06/2015;4;171
03/06/2016;6;275
03/06/2017;7;359
03/06/2019;2;2803
03/06/2020;4;1527
08/07/2022;6;8424,7
03/07/2015;6;2548
03/07/2017;2;2727
03/07/2018;3;1968
03/07/2019;4;4596
03/07/2020;6;469
03/07/2021;7;173
03/08/2015;2;20
03/08/2016;4;2934,5
03/08/2017;5;1656
03/08/2018;6;929
03/08/2019;7;403
03/08/2020;2;570,02
03/08/2021;3;5721
03/09/2014;4;1060
03/09/2018;2;1027
03/09/2019;3;2734
03/09/2020;5;1572
03/09/2021;6;1113,6
06/10/2022;5;8387,03
03/10/2014;6;1030
03/10/2016;2;115
03/10/2017;3;406
03/10/2018;4;165
03/10/2019;5;55
03/10/2020;7;792
03/11/2014;2;22
03/11/2016;5;942
03/11/2017;6;684
03/11/2018;7;3080
03/11/2020;3;4736
03/11/2021;4;353
31/10/2022;2;8368
03/12/2014;4;1616
03/12/2016;7;2933
03/12/2018;2;1244
03/12/2019;3;1278,6
03/12/2020;5;593
03/12/2021;6;6285
04/01/2016;2;320
04/01/2017;4;2355
04/01/2018;5;250
04/01/2019;6;1355
04/01/2020;7;580
04/01/2021;2;3141,8
31/05/2022;3;8295,5
04/02/2015;4;363
04/02/2016;5;1196
04/02/2017;7;410,5
04/02/2019;2;965
04/02/2020;3;543
04/02/2021;5;490
04/03/2015;4;1681
04/03/2016;6;840
04/03/2017;7;1798
04/03/2019;2;1922
04/03/2020;4;2101
04/03/2021;5;5229,4
30/11/2022;4;8222,22
04/04/2015;7;880
04/04/2016;2;1158
04/04/2017;3;1280
04/04/2018;4;842
04/04/2019;5;1170
04/05/2015;2;346
04/05/2016;4;238
04/05/2017;5;1036
04/05/2018;6;950
04/05/2019;7;3818
04/05/2020;2;1208
04/05/2021;3;4967
28/04/2022;5;8152
04/06/2016;7;710
04/06/2018;2;2043
04/06/2019;3;7507
04/06/2020;5;1526
04/06/2021;6;1321
04/07/2015;7;1185
04/07/2016;2;1042
04/07/2017;3;900
04/07/2018;4;1538,5
04/07/2019;5;1350
04/07/2020;7;1513,5
05/08/2022;6;8022,5
04/08/2014;2;514,05
04/08/2015;3;208
04/08/2016;5;1930,4
04/08/2017;6;3101,5
04/08/2018;7;1112
04/08/2020;3;1413
04/08/2021;4;4695
04/09/2014;5;349
04/09/2017;2;65
04/09/2018;3;220
04/09/2019;4;1488
04/09/2020;6;3220
04/09/2021;7;1527
04/10/2014;7;790,03
04/10/2016;3;411
04/10/2017;4;2656
04/10/2018;5;1795
04/10/2019;6;2517
04/10/2021;2;987
15/12/2022;5;8011
04/11/2014;3;84
04/11/2016;6;39
04/11/2017;7;1200,01
04/11/2019;2;3883
04/11/2020;4;1748
04/11/2021;5;687
04/12/2014;5;370
04/12/2017;2;2804
04/12/2018;3;199
04/12/2019;4;4881
04/12/2020;6;6063,56
04/12/2021;7;5335,9
05/01/2015;2;279,6
05/01/2016;3;1769
05/01/2017;5;498,5
05/01/2018;6;2205
05/01/2019;7;585
05/01/2021;3;4256,72
04/11/2022;6;7966,2
05/02/2015;5;187
05/02/2016;6;1255
05/02/2018;2;1574
05/02/2019;3;260
05/02/2020;4;2902
05/02/2021;6;899
05/03/2015;5;259
05/03/2016;7;250
05/03/2018;2;2180
05/03/2020;5;9880
05/03/2021;6;3954
29/11/2022;3;7915
05/04/2016;3;320
05/04/2017;4;1914
05/04/2018;5;1376
05/04/2019;6;2478
05/04/2021;2;741,5
05/05/2015;3;208
05/05/2016;5;907
05/05/2017;6;2742
05/05/2018;7;1758
05/05/2020;3;1262
05/05/2021;4;3211
13/09/2022;3;7789
05/06/2015;6;1045
05/06/2017;2;361
05/06/2018;3;816,5
05/06/2019;4;2606
05/06/2020;6;4186
05/06/2021;7;1819
05/07/2016;3;301
05/07/2017;4;1095
05/07/2018;5;992,5
05/07/2019;6;3930
05/07/2021;2;714
05/08/2014;3;704,02
05/08/2015;4;1786
05/08/2016;6;2208
05/08/2017;7;1070
05/08/2019;2;330
05/08/2020;4;7512,52
05/08/2021;5;4617
17/12/2022;7;7628,61
05/09/2014;6;192
05/09/2016;2;1987,9
05/09/2017;3;959
05/09/2018;4;240
05/09/2019;5;3072
05/09/2020;7;590
05/10/2016;4;650
05/10/2017;5;145
05/10/2018;6;2777
05/10/2019;7;3511
05/10/2020;2;990
05/10/2021;3;996
26/10/2022;4;7557,6
05/11/2014;4;6576
05/11/2018;2;113
05/11/2019;3;1828
05/11/2020;5;722
05/11/2021;6;729
05/12/2014;6;1933,75
05/12/2016;2;6372,9
05/12/2017;3;685
05/12/2018;4;1505
05/12/2019;5;1508
05/12/2020;7;1317
11/08/2022;5;7507,43
06/01/2016;4;426,9
06/01/2017;6;1842,8
06/01/2018;7;725
06/01/2020;2;1394
06/01/2021;4;2585
06/02/2015;6;1695
06/02/2016;7;1100
06/02/2017;2;3060,5
06/02/2018;3;1439
06/02/2019;4;120
06/02/2020;5;671
06/02/2021;7;7561
06/03/2015;6;712
06/03/2017;2;960
06/03/2018;3;553,52
06/03/2019;4;4097
06/03/2020;6;2069
06/03/2021;7;995
06/04/2015;2;3250
06/04/2016;4;258
06/04/2017;5;1596
06/04/2018;6;1287
06/04/2019;7;1681
06/04/2021;3;4839,5
08/10/2022;7;7444,3
06/05/2015;4;2080
06/05/2016;6;1117
06/05/2017;7;3530
06/05/2019;2;883
06/05/2020;4;4341
06/05/2021;5;3801,3
06/06/2014;6;108
06/06/2015;7;2029
06/06/2016;2;407
06/06/2017;3;2278
06/06/2018;4;1746,5
06/06/2019;5;1393
06/06/2020;7;5424
08/08/2022;2;7381,4
06/07/2015;2;2057
06/07/2016;4;1926
06/07/2017;5;2064
06/07/2018;6;607
06/07/2019;7;889,7
06/07/2020;2;1186
06/07/2021;3;1695
06/08/2014;4;145,01
06/08/2015;5;500
06/08/2016;7;2804
06/08/2018;2;297
06/08/2019;3;2600
06/08/2020;5;2726
06/08/2021;6;4802
23/12/2022;6;7291,2
06/09/2014;7;52
06/09/2016;3;640
06/09/2017;4;3191,05
06/09/2018;5;438
06/09/2019;6;2795
06/09/2021;2;4050
06/10/2014;2;1380
06/10/2016;5;26
06/10/2017;6;764
06/10/2018;7;2407
06/10/2020;3;602
06/10/2021;4;1700
21/11/2022;2;7257
06/11/2014;5;1285
06/11/2017;2;92
06/11/2018;3;3313
06/11/2019;4;2695
06/11/2020;6;8637
06/11/2021;7;1910
06/12/2014;7;1415
06/12/2016;3;5329,6
06/12/2017;4;838
06/12/2018;5;6951,72
06/12/2019;6;6849,1
06/12/2021;2;2764,5
07/01/2015;4;116
07/01/2016;5;118
07/01/2017;7;5516,5
07/01/2019;2;782
07/01/2021;5;1120
19/04/2022;3;7160
07/02/2015;7;696
07/02/2017;3;1988
07/02/2018;4;70
07/02/2019;5;3685,5
07/02/2020;6;2635
07/03/2015;7;1650
07/03/2016;2;90
07/03/2017;3;4373
07/03/2018;4;952
07/03/2019;5;1869
07/03/2020;7;2070
29/10/2022;7;7036
07/04/2015;3;233
07/04/2016;5;1317
07/04/2017;6;3581
07/04/2018;7;820
07/04/2021;4;3581
07/05/2015;5;525
07/05/2016;7;3906,8
07/05/2018;2;3425
07/05/2019;3;886,2
07/05/2020;5;670
07/05/2021;6;1216,3
06/04/2022;4;7020,5
07/06/2017;4;2559,6
07/06/2018;5;679
07/06/2019;6;2376
07/06/2021;2;2170
07/07/2015;3;200
07/07/2016;5;2263
07/07/2017;6;2766,5
07/07/2018;7;1165
07/07/2020;3;3848
07/07/2021;4;3921,08
17/06/2022;6;6986,1
07/08/2014;5;315
07/08/2015;6;1147
07/08/2017;2;1173,5
07/08/2018;3;10906
07/08/2019;4;340
07/08/2020;6;3233,01
07/08/2021;7;3199,5
07/10/2014;3;390
07/10/2016;6;270
07/10/2017;7;268
07/10/2019;2;3634
07/10/2020;4;2632
07/10/2021;5;5713,6
07/11/2014;6;1380
07/11/2017;3;1329
07/11/2018;4;834
07/11/2019;5;1540
07/11/2020;7;975
18/04/2022;2;6973
07/12/2015;2;6285
07/12/2016;4;1750
07/12/2017;5;746,2
07/12/2018;6;2527
07/12/2019;7;13186
07/12/2020;2;3972
07/12/2021;3;799
08/01/2015;5;1015
08/01/2016;6;358
08/01/2018;2;208
08/01/2019;3;983
08/01/2020;4;3880
08/01/2021;6;870
23/08/2022;3;6958,59
08/02/2017;4;1313,7
08/02/2018;5;592
08/02/2019;6;650
08/02/2020;7;3090
08/02/2021;2;840,78
08/03/2016;3;1992
08/03/2017;4;3921
08/03/2018;5;590
08/03/2019;6;1966
08/03/2021;2;3994
22/12/2022;5;6954,9
08/04/2015;4;640
08/04/2016;6;1019
08/04/2017;7;2597
08/04/2019;2;1962
08/04/2021;5;530
08/05/2015;6;885
08/05/2017;2;128
08/05/2018;3;5808
08/05/2019;4;3294
08/05/2020;6;3465
08/05/2021;7;7206,99
08/06/2015;2;1925
08/06/2016;4;1992,8
08/06/2017;5;2044,5
08/06/2018;6;1834,01
08/06/2019;7;1259
08/06/2020;2;6769
08/06/2021;3;3255,66
03/08/2022;4;6873,4
08/07/2014;3;150
08/07/2015;4;254
08/07/2016;6;3617
08/07/2017;7;5001
08/07/2019;2;2379
08/07/2020;4;5237
08/07/2021;5;3172
08/08/2014;6;168
08/08/2015;7;4407
08/08/2016;2;977
08/08/2017;3;921
08/08/2018;4;4538
08/08/2019;5;922
08/08/2020;7;3887
24/09/2022;7;6849,1
08/09/2014;2;725
08/09/2016;5;1505
08/09/2017;6;1462,8
08/09/2018;7;708
08/09/2020;3;1691
08/09/2021;4;3464,9
08/10/2014;4;2265
08/10/2016;7;410
08/10/2018;2;465
08/10/2019;3;1514
08/10/2020;5;4289
08/10/2021;6;1445
03/12/2022;7;6806,2
08/11/2014;7;1753
08/11/2016;3;1570
08/11/2017;4;498
08/11/2018;5;1083
08/11/2019;6;4124
08/11/2021;2;1952
08/12/2014;2;1388
08/12/2015;3;1297
08/12/2016;5;579
08/12/2017;6;2665
08/12/2018;7;1549
08/12/2020;3;3485
08/12/2021;4;2884
16/03/2022;4;6700
09/01/2015;6;487
09/01/2016;7;29
09/01/2017;2;2593
09/01/2018;3;120
09/01/2019;4;1944,26
09/01/2020;5;10141,6
09/01/2021;7;474
09/02/2015;2;310
09/02/2017;5;4024
09/02/2018;6;2475
09/02/2019;7;549
09/02/2021;3;909
09/03/2015;2;516
09/03/2016;4;355
09/03/2017;5;1101
09/03/2018;6;1788
09/03/2019;7;330
09/03/2020;2;880,6
09/03/2021;3;750
05/10/2022;4;6684,6
09/04/2015;5;638
09/04/2016;7;138
09/04/2018;2;1106
09/04/2019;3;3776
09/04/2020;5;279
09/04/2021;6;3995
09/05/2015;7;3706
09/05/2016;2;346
09/05/2017;3;2462,28
09/05/2018;4;268
09/05/2019;5;3095
09/05/2020;7;3537
23/06/2022;5;6628
09/06/2015;3;330
09/06/2016;5;1568
09/06/2017;6;1447
09/06/2018;7;1010,6
09/06/2020;3;1972,99
09/06/2021;4;1977
09/07/2020;5;510
09/08/2014;7;3001
09/08/2016;3;1670
09/08/2017;4;3005,6
09/08/2018;5;3335
09/08/2019;6;2698
09/08/2021;2;2485
19/08/2022;6;6613
09/09/2014;3;256
09/09/2016;6;1683
09/09/2017;7;650
09/09/2019;2;4274
09/09/2020;4;3364,5
09/09/2021;5;1799
09/10/2014;5;385
09/10/2017;2;407
09/10/2018;3;4104
09/10/2019;4;4702
09/10/2020;6;983
09/10/2021;7;3740
09/11/2016;4;539
09/11/2017;5;734,5
09/11/2018;6;6215
09/11/2019;7;795
09/11/2020;2;744
09/11/2021;3;2486
14/01/2022;6;6605,7
09/12/2014;3;1592
09/12/2015;4;581
09/12/2016;6;1056
09/12/2017;7;2161,03
09/12/2019;2;4416
09/12/2020;4;3568
09/12/2021;5;3189
10/01/2015;7;920
10/01/2017;3;2148
10/01/2018;4;801
10/01/2019;5;5960
10/01/2020;6;1602
08/06/2022;4;6580,5
10/02/2016;4;610
10/02/2017;6;2885,72
10/02/2018;7;1953
10/02/2020;2;2634
10/02/2021;4;6116
10/03/2015;3;20
10/03/2016;5;221
10/03/2017;6;3994
10/03/2018;7;620
10/03/2020;3;2696
10/03/2021;4;2580
10/12/2022;7;6482,86
10/04/2015;6;1853
10/04/2017;2;457
10/04/2018;3;601
10/04/2019;4;2490,4
10/04/2021;7;204,8
10/05/2016;3;273
10/05/2017;4;2135,3
10/05/2018;5;3067
10/05/2019;6;2155
10/05/2021;2;3661,5
10/06/2015;4;144
10/06/2016;6;2374,5
10/06/2017;7;822
10/06/2019;2;3166
10/06/2020;4;1898
10/06/2021;5;2240
17/11/2022;5;6470
10/07/2015;6;288
10/07/2017;2;3251
10/07/2018;3;3682
10/07/2019;4;4481
10/07/2020;6;547,8
10/07/2021;7;3242
10/08/2015;2;983
10/08/2016;4;1001
10/08/2017;5;1493
10/08/2018;6;3543
10/08/2019;7;6440
10/08/2020;2;525
10/08/2021;3;1032
10/09/2014;4;1093
10/09/2016;7;112
10/09/2018;2;3325
10/09/2019;3;3405
10/09/2020;5;641
10/09/2021;6;4255
24/05/2022;3;6456,4
10/10/2014;6;1652
10/10/2016;2;550
10/10/2017;3;2780
10/10/2018;4;618
10/10/2019;5;145
10/10/2020;7;2512
10/11/2014;2;783,75
10/11/2016;5;2865
10/11/2017;6;2833
10/11/2018;7;2074
10/11/2020;3;1357
10/11/2021;4;3734
15/09/2022;5;6399
10/12/2014;4;696
10/12/2015;5;1620
10/12/2016;7;2932
10/12/2018;2;3274
10/12/2019;3;696
10/12/2020;5;3188,7
10/12/2021;6;1367
11/01/2016;2;97
11/01/2017;4;469
11/01/2018;5;463,01
11/01/2019;6;2509,5
11/01/2020;7;1192
11/01/2021;2;4635
07/06/2022;3;6371,5
11/02/2015;4;1590
11/02/2016;5;1033
11/02/2017;7;1385
11/02/2019;2;2124
11/02/2020;3;367
11/02/2021;5;558
11/03/2015;4;135
11/03/2016;6;401
11/03/2017;7;1185
11/03/2019;2;550
11/03/2020;4;170
11/03/2021;5;3440
28/10/2022;6;6357,5
11/04/2015;7;359
11/04/2016;2;196
11/04/2017;3;646
11/04/2018;4;2087,31
11/04/2019;5;1316,3
11/04/2020;7;2679
11/05/2015;2;2398
11/05/2016;4;444
11/05/2017;5;3407
11/05/2018;6;2329,2
11/05/2019;7;2685
11/05/2020;2;2883
11/05/2021;3;790
27/09/2022;3;6345
11/06/2015;5;497
11/06/2016;7;1945
11/06/2018;2;4086
11/06/2019;3;4373,7
11/06/2021;6;2996,4
11/07/2015;7;58
11/07/2016;2;20
11/07/2017;3;2838,2
11/07/2018;4;1553
11/07/2019;5;60
11/07/2020;7;2007
01/02/2022;3;6338
11/08/2014;2;1605
11/08/2015;3;2082
11/08/2016;5;1960,9
11/08/2017;6;458
11/08/2018;7;2312,6
11/08/2020;3;1723
11/08/2021;4;7883,99
11/09/2014;5;25
11/09/2017;2;1821
11/09/2018;3;1285,5
11/09/2019;4;2946
11/09/2020;6;5740
11/09/2021;7;3113,89
11/10/2014;7;25
11/10/2016;3;196
11/10/2017;4;200
11/10/2018;5;5068
11/10/2019;6;1307
11/10/2021;2;3054
04/07/2022;2;6304,94
11/11/2014;3;993
11/11/2016;6;2964
11/11/2017;7;1521,4
11/11/2019;2;1067
11/11/2020;4;2603
11/11/2021;5;4504,99
11/12/2014;5;3664
11/12/2015;6;2385
11/12/2017;2;2667
11/12/2018;3;2716
11/12/2019;4;4181
11/12/2020;6;582
11/12/2021;7;2120
12/01/2015;2;78
12/01/2016;3;1040
12/01/2017;5;954
12/01/2018;6;230
12/01/2019;7;450
12/01/2021;3;950
12/02/2015;5;475
12/02/2018;2;1351,01
12/02/2019;3;620
12/02/2020;4;879
12/02/2021;6;1194
30/12/2022;6;6299
12/03/2015;5;57
12/03/2016;7;35
12/03/2018;2;2605
12/03/2019;3;1211
12/03/2020;5;1495
12/03/2021;6;2104
12/04/2016;3;288
12/04/2017;4;4595
12/04/2018;5;640
12/04/2019;6;1717,9
12/04/2021;2;2475,99
28/06/2022;3;6230,9
12/05/2015;3;2104
12/05/2016;5;440
12/05/2017;6;3169
12/05/2018;7;4198
12/05/2020;3;885
12/05/2021;4;3125
12/06/2015;6;602
12/06/2017;2;1543,01
12/06/2018;3;5365
12/06/2019;4;2204,6
12/06/2020;6;5499
12/06/2021;7;4476,6
12/07/2016;3;10
12/07/2017;4;5582
12/07/2018;5;975
12/07/2019;6;1474
12/07/2021;2;590
22/11/2022;3;6224,5
12/08/2014;3;15
12/08/2015;4;1280
12/08/2016;6;1040
12/08/2017;7;6197,7
12/08/2019;2;3363,42
12/08/2020;4;6612,99
12/08/2021;5;330
12/09/2014;6;1086
12/09/2016;2;511
12/09/2017;3;1690
12/09/2018;4;3984
12/09/2019;5;1905
12/09/2020;7;1090
29/08/2022;2;6206
12/11/2014;4;195
12/11/2016;7;1241,9
12/11/2018;2;3190
12/11/2019;3;3535
12/11/2020;5;2365
12/11/2021;6;3894
12/12/2014;6;2046
12/12/2015;7;1536
12/12/2016;2;2599,9
12/12/2017;3;833
12/12/2018;4;2370
12/12/2019;5;3372
12/12/2020;7;2512
09/12/2022;6;6154,5
13/01/2015;3;2135
13/01/2016;4;5698
13/01/2017;6;2326
13/01/2018;7;2051
13/01/2020;2;807
13/01/2021;4;1180
13/02/2015;6;190
13/02/2016;7;938
13/02/2017;2;2479
13/02/2019;4;2818
13/02/2020;5;222
13/02/2021;7;405
13/03/2015;6;763
13/03/2017;2;2188
13/03/2018;3;320
13/03/2019;4;2388,23
13/03/2020;6;3232,5
13/03/2021;7;4927
13/04/2015;2;830
13/04/2016;4;483
13/04/2017;5;2470
13/04/2018;6;2370
13/04/2019;7;4391
13/04/2020;2;1765
13/04/2021;3;4120
06/07/2022;4;6045,39
13/05/2015;4;884
13/05/2016;6;1246
13/05/2017;7;5540,8
13/05/2019;2;1917
13/05/2020;4;2748
13/05/2021;5;2635
13/06/2015;7;331
13/06/2016;2;978
13/06/2017;3;1008
13/06/2018;4;844
13/06/2019;5;889
13/06/2020;7;490
31/08/2022;4;6024,38
13/07/2015;2;245
13/07/2016;4;53
13/07/2017;5;3228
13/07/2018;6;2929
13/07/2019;7;451
13/07/2020;2;4643
13/07/2021;3;975
13/08/2014;4;1154
13/08/2015;5;2880
13/08/2016;7;1238
13/08/2018;2;1156
13/08/2019;3;3062
13/08/2020;5;385
13/08/2021;6;4133
04/08/2022;5;5940
13/09/2014;7;895
13/09/2016;3;1275
13/09/2017;4;1551
13/09/2018;5;3060
13/09/2019;6;4790
13/09/2021;2;1910
09/09/2022;6;5940
13/10/2014;2;480
13/10/2016;5;561
13/10/2017;6;650
13/10/2018;7;2358
13/10/2020;3;3616
13/10/2021;4;4160
13/11/2014;5;305
13/11/2017;2;612
13/11/2018;3;2755,5
13/11/2019;4;2145
13/11/2020;6;915
13/11/2021;7;1866,5
13/12/2014;7;1277
13/12/2016;3;2788,2
13/12/2017;4;1881,01
13/12/2018;5;1806
13/12/2019;6;4317,26
13/12/2021;2;3335
14/01/2015;4;2378
14/01/2016;5;30
14/01/2017;7;1010
14/01/2019;2;337
14/01/2020;3;1940,89
14/01/2021;5;3657
11/06/2022;7;5926,9
14/02/2015;7;300
14/02/2017;3;920
14/02/2018;4;30
14/02/2019;5;820
14/02/2020;6;1009
14/03/2015;7;325
14/03/2016;2;689
14/03/2017;3;1925
14/03/2018;4;2994
14/03/2019;5;1538,96
14/03/2020;7;1530
29/12/2022;5;5878
14/04/2015;3;127
14/04/2016;5;890
14/04/2018;7;1113
14/04/2020;3;1211
14/04/2021;4;509
14/05/2015;5;3324
14/05/2016;7;192
14/05/2018;2;563,88
14/05/2019;3;930
14/05/2020;5;1412
14/05/2021;6;4300,8
19/05/2022;5;5847,8
14/06/2016;3;949
14/06/2017;4;1321
14/06/2018;5;1235
14/06/2019;6;5275
14/06/2021;2;1121
14/07/2014;2;200
14/07/2015;3;525
14/07/2016;5;2070
14/07/2017;6;2877
14/07/2018;7;1141
14/07/2020;3;919
14/07/2021;4;2769
22/08/2022;2;5827
14/08/2014;5;2168
14/08/2015;6;15
14/08/2017;2;1157
14/08/2018;3;2932,25
14/08/2019;4;1721
14/08/2020;6;2128
14/08/2021;7;343
14/09/2016;4;1887
14/09/2017;5;794,6
14/09/2018;6;2495
14/09/2019;7;1206
14/09/2020;2;3050
14/09/2021;3;722,7
14/10/2014;3;290
14/10/2016;6;55
14/10/2017;7;1509
14/10/2019;2;1830
14/10/2020;4;6410
14/10/2021;5;561
21/07/2022;5;5820
14/11/2014;6;2025
14/11/2016;2;2115
14/11/2017;3;2387
14/11/2018;4;2633
14/11/2019;5;787
14/11/2020;7;90
14/12/2015;2;4089
14/12/2016;4;3031,9
14/12/2017;5;2019
14/12/2018;6;4296
14/12/2019;7;3462
14/12/2020;2;1354,6
14/12/2021;3;1962
12/08/2022;6;5742,4
15/01/2015;5;1248
15/01/2016;6;1089,8
15/01/2018;2;782
15/01/2019;3;1144
15/01/2020;4;840,99
15/01/2021;6;2112
15/02/2016;2;705
15/02/2017;4;2937
15/02/2018;5;988,7
15/02/2019;6;2015
15/02/2020;7;1067
15/02/2021;2;6420
29/07/2022;6;5726,5
15/03/2016;3;420
15/03/2017;4;1845,52
15/03/2018;5;1017
15/03/2019;6;2670
15/03/2021;2;176,5
15/04/2016;6;877
15/04/2017;7;1527
15/04/2019;2;2725
15/04/2020;4;2373
15/04/2021;5;2421
15/05/2015;6;402
15/05/2017;2;819
15/05/2018;3;425
15/05/2019;4;1593
15/05/2020;6;2044
15/05/2021;7;1645
15/06/2015;2;1463
15/06/2016;4;1833,5
15/06/2018;6;5892,92
15/06/2019;7;2454,9
15/06/2020;2;4159
15/06/2021;3;10974
08/11/2022;3;5712,3
15/07/2015;4;224
15/07/2016;6;136
15/07/2017;7;405
15/07/2019;2;1823
15/07/2020;4;4195
15/07/2021;5;3286
15/09/2014;2;794
15/09/2016;5;315
15/09/2018;7;1559
15/09/2020;3;3799
15/09/2021;4;3511
17/05/2022;3;5620,25
15/10/2014;4;716
15/10/2016;7;239
15/10/2018;2;1860
15/10/2019;3;665,55
15/10/2020;5;1150,99
15/10/2021;6;1919
15/12/2014;2;416
15/12/2015;3;2090
15/12/2016;5;2193,5
15/12/2017;6;2913
15/12/2018;7;3018
15/12/2020;3;4765,4
15/12/2021;4;10906,99
17/10/2022;2;5574,2
16/01/2015;6;1350,03
16/01/2016;7;755
16/01/2017;2;1395,5
16/01/2018;3;1450
16/01/2019;4;3448
16/01/2020;5;542,99
16/01/2021;7;4376
16/02/2015;2;1655
16/02/2016;3;514
16/02/2017;5;1509
16/02/2018;6;488
16/02/2019;7;5994
16/03/2015;2;20
16/03/2016;4;437
16/03/2017;5;2106,5
16/03/2018;6;2036,5
16/03/2019;7;1721
16/03/2020;2;2142
16/03/2021;3;1023
06/09/2022;3;5556,8
16/04/2015;5;235
16/04/2016;7;1691
16/04/2018;2;1163
16/04/2019;3;1229
16/04/2020;5;1240
16/04/2021;6;1220
16/05/2015;7;1423
16/05/2016;2;3181
16/05/2017;3;751
16/05/2018;4;2224
16/05/2019;5;3175
16/05/2020;7;2170
24/12/2022;7;5530,5
16/06/2015;3;360
16/06/2016;5;418
16/06/2017;6;1429
16/06/2018;7;483
16/06/2020;3;4675
16/06/2021;4;1290
16/07/2015;5;1815
16/07/2016;7;635
16/07/2018;2;2231
16/07/2019;3;2008
16/07/2020;5;2163
16/07/2021;6;207
16/08/2014;7;1875
16/08/2016;3;1113
16/08/2017;4;2168
16/08/2018;5;1876
16/08/2019;6;3355
16/08/2021;2;1512
01/06/2022;4;5490
16/09/2014;3;1160
16/09/2017;7;1024
16/09/2019;2;2774
16/09/2020;4;1508
16/09/2021;5;1357
16/10/2014;5;575
16/10/2017;2;1972
16/10/2018;3;85
16/10/2019;4;479
16/10/2020;6;4498,99
16/10/2021;7;953
16/11/2016;4;1943
16/11/2017;5;1195
16/11/2018;6;1828
16/11/2019;7;687
16/11/2020;2;6532,2
16/11/2021;3;2728
16/07/2022;7;5392,3
16/12/2014;3;1345
16/12/2015;4;1798
16/12/2016;6;3467,8
16/12/2017;7;2476,02
16/12/2019;2;621
16/12/2020;4;7591,5
16/12/2021;5;3542
17/01/2015;7;1514
17/01/2017;3;960
17/01/2019;5;1778
17/01/2020;6;607
04/10/2022;3;5366,7
17/02/2016;4;828
17/02/2017;6;1545
17/02/2018;7;2836
17/02/2020;2;899,56
17/02/2021;4;2679
17/03/2015;3;665
17/03/2016;5;1445
17/03/2017;6;2167
17/03/2018;7;1665
17/03/2020;3;1474
17/03/2021;4;131
05/03/2022;7;5363
17/04/2015;6;477
17/04/2017;2;1800
17/04/2018;3;849,76
17/04/2019;4;2831
17/04/2020;6;768
17/04/2021;7;2056
17/05/2016;3;143
17/05/2017;4;1098,92
17/05/2018;5;2775
17/05/2019;6;1048
17/05/2021;2;1615
17/06/2015;4;410
17/06/2016;6;1658
17/06/2017;7;1444
17/06/2019;2;335
17/06/2020;4;1568,42
17/06/2021;5;6333
21/09/2022;4;5320
17/07/2015;6;10
17/07/2017;2;2767
17/07/2018;3;702
17/07/2019;4;607
17/07/2020;6;1005
17/07/2021;7;5652
17/08/2015;2;2239
17/08/2016;4;325
17/08/2017;5;826
17/08/2018;6;2810,44
17/08/2019;7;2960
17/08/2020;2;690
17/08/2021;3;2670
17/09/2014;4;268
17/09/2016;7;1437
17/09/2018;2;1098
17/09/2019;3;1113
17/09/2020;5;4301,99
17/09/2021;6;7854,89
19/12/2022;2;5277,5
17/10/2014;6;359
17/10/2016;2;555
17/10/2017;3;1847
17/10/2018;4;2278
17/10/2019;5;2375
17/10/2020;7;1065
17/11/2014;2;1752
17/11/2016;5;1417
17/11/2017;6;904
17/11/2018;7;1006
17/11/2020;3;1124
17/11/2021;4;4652
08/12/2022;5;5263,79
17/12/2014;4;2468
17/12/2015;5;1212
17/12/2016;7;1947,5
17/12/2018;2;2040,5
17/12/2019;3;3700
17/12/2020;5;1395
17/12/2021;6;1319
18/01/2017;4;2195
18/01/2018;5;1614,01
18/01/2019;6;220
18/01/2020;7;1126
18/01/2021;2;3625
10/10/2022;2;5229,83
18/02/2015;4;52
18/02/2016;5;680
18/02/2017;7;640
18/02/2019;2;2675
18/02/2020;3;318
18/02/2021;5;1820,85
18/03/2015;4;161
18/03/2016;6;660
18/03/2017;7;1478,5
18/03/2019;2;454
18/03/2020;4;1257
18/03/2021;5;2098
04/06/2022;7;5194
18/04/2015;7;618
18/04/2016;2;580
18/04/2017;3;2989,4
18/04/2018;4;1299
18/04/2019;5;2900
18/04/2020;7;660
18/05/2015;2;321
18/05/2016;4;510
18/05/2017;5;2041,6
18/05/2018;6;643,01
18/05/2019;7;973
18/05/2020;2;1300
18/05/2021;3;3028
12/09/2022;2;5182,23
18/06/2015;5;485
18/06/2016;7;1020,5
18/06/2018;2;2430
18/06/2019;3;687
18/06/2020;5;1041
18/06/2021;6;5212
18/07/2016;2;210
18/07/2017;3;580
18/07/2018;4;1815
18/07/2020;7;95
29/03/2022;3;5020
18/08/2014;2;1744
18/08/2015;3;1035
18/08/2016;5;632
18/08/2017;6;1081
18/08/2018;7;1343
18/08/2020;3;1543
18/08/2021;4;695
18/09/2014;5;350
18/09/2017;2;555
18/09/2018;3;1615
18/09/2019;4;3985
18/09/2020;6;2384,44
18/09/2021;7;2072
18/10/2014;7;327
18/10/2016;3;1899
18/10/2017;4;5114
18/10/2018;5;5365
18/10/2019;6;2510,44
18/10/2021;2;990,98
29/04/2022;6;5015
18/11/2014;3;769
18/11/2016;6;704
18/11/2017;7;665
18/11/2019;2;3780
18/11/2020;4;2445
18/11/2021;5;5832
18/12/2014;5;1694
18/12/2015;6;1746,9
18/12/2017;2;1011
18/12/2018;3;1986
18/12/2019;4;2350
18/12/2020;6;1319
18/12/2021;7;8631,8
13/07/2022;4;4990,1
19/01/2015;2;807
19/01/2016;3;275
19/01/2017;5;1401
19/01/2018;6;703,18
19/01/2019;7;2592
19/01/2021;3;4213
19/02/2015;5;371
19/02/2016;6;584
19/02/2018;2;2757
19/02/2019;3;442
19/02/2020;4;366
19/02/2021;6;1249,85
18/07/2022;2;4987,5
19/03/2015;5;255
19/03/2016;7;445
19/03/2018;2;2261
19/03/2019;3;2385
19/03/2020;5;4435
19/03/2021;6;5155
19/04/2016;3;2085
19/04/2017;4;1628
19/04/2018;5;410
19/04/2021;2;1640
01/12/2022;5;4970,8
19/05/2015;3;245
19/05/2016;5;720
19/05/2017;6;1644
19/05/2018;7;2557
19/05/2020;3;374
19/05/2021;4;2622,76
19/06/2015;6;1832
19/06/2017;2;4931
19/06/2018;3;7216
19/06/2019;4;1130
19/06/2020;6;2425
19/06/2021;7;1470
19/07/2016;3;1006
19/07/2017;4;1020
19/07/2018;5;1082
19/07/2019;6;2310
19/07/2021;2;2387
24/06/2022;6;4950,6
19/08/2014;3;943
19/08/2015;4;1867
19/08/2016;6;421
19/08/2017;7;433
19/08/2019;2;1100
19/08/2020;4;1659
19/08/2021;5;615
19/09/2014;6;1209
19/09/2016;2;514
19/09/2017;3;659
19/09/2018;4;661
19/09/2019;5;240
19/09/2020;7;2552
27/06/2022;2;4930,25
19/10/2016;4;1368
19/10/2017;5;3672
19/10/2018;6;3595
19/10/2019;7;2799
19/10/2020;2;3199
19/10/2021;3;376,1
19/11/2014;4;330
19/11/2016;7;2481
19/11/2018;2;961
19/11/2019;3;1272
19/11/2020;5;771
19/11/2021;6;3071
14/10/2022;6;4928,9
19/12/2014;6;1685
19/12/2015;7;1100
19/12/2016;2;3505,5
19/12/2017;3;1743
19/12/2018;4;3662
19/12/2019;5;4767
19/12/2020;7;2376
19/12/2021;1;2840
20/01/2015;3;365
20/01/2016;4;1665
20/01/2017;6;2379
20/01/2018;7;970
20/01/2020;2;30
20/01/2021;4;1848
03/06/2022;6;4912,6
20/02/2015;6;237
20/02/2017;2;1908
20/02/2018;3;4256,8
20/02/2019;4;517
20/02/2020;5;337,45
20/02/2021;7;2064
20/03/2015;6;900
20/03/2017;2;3270
20/03/2018;3;1087,02
20/03/2019;4;4719
20/03/2021;7;390
20/04/2015;2;725
20/04/2016;4;1890
20/04/2017;5;3410
20/04/2018;6;105
20/04/2019;7;1305
20/04/2020;2;2006
20/04/2021;3;345
20/05/2015;4;726
20/05/2016;6;75
20/05/2017;7;1220
20/05/2019;2;2271
20/05/2020;4;1708
20/05/2021;5;2246,5
21/05/2022;7;4879
20/06/2015;7;845
20/06/2016;2;1262
20/06/2017;3;2440
20/06/2018;4;2597
20/06/2020;7;2169
20/07/2015;2;70
20/07/2016;4;730,9
20/07/2017;5;905
20/07/2018;6;1713
20/07/2019;7;923
20/07/2020;2;3026
20/07/2021;3;5041
20/01/2022;5;4873,2
20/08/2014;4;1640
20/08/2015;5;25
20/08/2016;7;45
20/08/2018;2;2299
20/08/2019;3;1783
20/08/2020;5;135
20/08/2021;6;1807
20/09/2014;7;2158
20/09/2016;3;165
20/09/2017;4;637,8
20/09/2018;5;1324
20/09/2019;6;2893,87
20/09/2021;2;3882
31/03/2022;5;4863
20/10/2016;5;975
20/10/2017;6;54
20/10/2018;7;2420
20/10/2020;3;4369
20/10/2021;4;2520
20/12/2014;7;1094
20/12/2016;3;3744,8
20/12/2017;4;6758
20/12/2018;5;5101,4
20/12/2019;6;4718
20/12/2020;1;1990
20/12/2021;2;3574
17/08/2022;4;4827
21/01/2015;4;120
21/01/2016;5;966
21/01/2017;7;2260
21/01/2019;2;2429
21/01/2020;3;723
21/01/2021;5;2621
21/02/2015;7;111
21/02/2017;3;2057
21/02/2018;4;2440
21/02/2019;5;1345
21/02/2020;6;59
13/05/2022;6;4799,75
21/03/2015;7;258
21/03/2016;2;313
21/03/2017;3;2074
21/03/2018;4;1599
21/03/2019;5;2429,23
21/05/2015;5;233
21/05/2016;7;94
21/05/2018;2;136
21/05/2019;3;2420
21/05/2020;5;1332,5
21/05/2021;6;3660
11/05/2022;4;4799,5
21/06/2016;3;435
21/06/2017;4;2291,74
21/06/2018;5;664
21/06/2019;6;1916
21/06/2021;2;1535,99
21/07/2015;3;2105
21/07/2016;5;200
21/07/2017;6;1716,72
21/07/2018;7;2811
21/07/2020;3;61
21/07/2021;4;784
21/06/2022;3;4776,5
21/08/2014;5;312
21/08/2015;6;1390
21/08/2017;2;1244,7
21/08/2018;3;782
21/08/2019;4;264
21/08/2020;6;3013
21/08/2021;7;1992
21/09/2016;4;4238
21/09/2017;5;1426
21/09/2018;6;1093
21/09/2019;7;1498,5
21/09/2020;2;2488
21/09/2021;3;552
21/10/2014;3;490
21/10/2016;6;1144
21/10/2017;7;1394,04
21/10/2019;2;1198
21/10/2020;4;2205,99
21/10/2021;5;2516
25/05/2022;4;4763
21/11/2014;6;1690
21/11/2016;2;1813,5
21/11/2017;3;462
21/11/2018;4;3161
21/11/2019;5;3684
21/11/2020;7;740
21/12/2015;2;3067
21/12/2016;4;3015
21/12/2017;5;4853
21/12/2018;6;6321
21/12/2019;7;5222
21/12/2020;2;6025,5
21/12/2021;3;4003
10/01/2022;2;4756
22/01/2015;5;20
22/01/2016;6;1080
22/01/2018;2;682
22/01/2019;3;1121
22/01/2020;4;2328
22/01/2021;6;3189
22/02/2016;2;1616
22/02/2017;4;2308
22/02/2018;5;720
22/02/2019;6;1826
22/02/2020;7;2289
22/02/2021;2;913
08/03/2022;3;4713,7
22/03/2016;3;813
22/03/2017;4;436,5
22/03/2018;5;2828
22/03/2019;6;2718
22/03/2021;2;2398
22/04/2015;4;223
22/04/2016;6;593
22/04/2017;7;780
22/04/2019;2;1741
22/04/2020;4;1129
22/04/2021;5;2507
30/04/2022;7;4710
22/05/2014;5;69
22/05/2015;6;460
22/05/2017;2;889
22/05/2018;3;2974
22/05/2019;4;1839
22/05/2020;6;2059
22/05/2021;7;3440
22/06/2015;2;73
22/06/2016;4;100
22/06/2017;5;1816
22/06/2018;6;1324
22/06/2019;7;2225
22/06/2020;2;3173
22/06/2021;3;1599,5
22/07/2015;4;450
22/07/2016;6;740
22/07/2017;7;1828
22/07/2019;2;1375
22/07/2020;4;2924
22/07/2021;5;2222,61
07/07/2022;5;4685,4
22/08/2014;6;785
22/08/2015;7;605
22/08/2017;3;3243,5
22/08/2018;4;1535,52
22/08/2019;5;266
22/08/2020;7;4804
22/09/2014;2;95
22/09/2016;5;723
22/09/2017;6;2222
22/09/2018;7;653
22/09/2020;3;3100
22/09/2021;4;3899,99
07/10/2022;6;4683
22/10/2014;4;1030
22/10/2016;7;440
22/10/2018;2;170,6
22/10/2019;3;2561
22/10/2020;5;1386
22/10/2021;6;190
22/11/2014;7;1203
22/11/2016;3;898
22/11/2017;4;482
22/11/2018;5;1310
22/11/2019;6;3805
22/11/2021;2;8180
13/12/2022;3;4676,99
22/12/2014;2;1638
22/12/2015;3;1293,5
22/12/2016;5;1199,9
22/12/2017;6;5726
22/12/2018;7;2520
22/12/2019;1;482
22/12/2020;3;3531,5
22/12/2021;4;5612
23/01/2015;6;365
23/01/2016;7;1911
23/01/2017;2;1551
23/01/2018;3;830
23/01/2019;4;926
23/01/2020;5;2775
23/01/2021;7;1442
23/02/2015;2;769
23/02/2016;3;753
23/02/2017;5;1410
23/02/2018;6;901
23/02/2019;7;3891
23/02/2021;3;990
27/07/2022;4;4651,5
23/03/2015;2;321
23/03/2016;4;2134,5
23/03/2017;5;2854,18
23/03/2018;6;1430
23/03/2019;7;1642
23/03/2021;3;1073
23/04/2015;5;310
23/04/2016;7;962,2
23/04/2018;2;1000,96
23/04/2019;3;189
23/04/2020;5;1075
23/04/2021;6;1464
30/08/2022;3;4614,5
23/05/2015;7;854
23/05/2016;2;30
23/05/2017;3;1988
23/05/2018;4;305
23/05/2019;5;698
23/05/2020;7;1311
23/06/2015;3;836
23/06/2016;5;1050
23/06/2017;6;1358
23/06/2018;7;1320
23/06/2020;3;712
23/06/2021;4;3070
05/12/2022;2;4557,5
23/07/2015;5;186
23/07/2016;7;200
23/07/2018;2;1267
23/07/2019;3;669
23/07/2020;5;465
23/07/2021;6;4124
23/08/2014;7;1501
23/08/2016;3;1835
23/08/2017;4;1493
23/08/2018;5;2373,4
23/08/2019;6;225
23/08/2021;2;3426
25/07/2022;2;4530,5
23/09/2014;3;259
23/09/2016;6;525
23/09/2017;7;1483
23/09/2019;2;592,5
23/09/2020;4;1882
23/09/2021;5;3660,6
23/10/2014;5;1477
23/10/2017;2;1624,02
23/10/2018;3;2670
23/10/2019;4;4460
23/10/2020;6;1788,99
23/10/2021;7;715
23/11/2016;4;2212
23/11/2017;5;110
23/11/2018;6;2060,24
23/11/2019;7;3093
23/11/2020;2;4086
23/11/2021;3;926
26/11/2022;7;4518
23/12/2014;3;5555
23/12/2015;4;1338,9
23/12/2016;6;2777
23/12/2017;7;4098
23/12/2018;1;584
23/12/2019;2;2277
23/12/2020;4;5765
23/12/2021;5;8075,5
24/01/2015;7;290
24/01/2017;3;2110
24/01/2018;4;1484
24/01/2019;5;736
24/01/2020;6;4407
09/06/2022;5;4513,39
24/02/2015;3;399
24/02/2016;4;40
24/02/2017;6;3628
24/02/2018;7;739
24/02/2020;2;253
24/02/2021;4;6341
24/03/2015;3;60
24/03/2016;5;2385
24/03/2017;6;1972,46
24/03/2018;7;1127
24/03/2020;3;1019,99
24/03/2021;4;747,56
05/02/2022;7;4496
24/04/2015;6;1877
24/04/2017;2;1096,5
24/04/2018;3;763,26
24/04/2019;4;1785
24/04/2020;6;1612
24/04/2021;7;1671,5
24/05/2016;3;643
24/05/2017;4;515
24/05/2018;5;2409
24/05/2019;6;2748
24/06/2015;4;132
24/06/2016;6;420
24/06/2017;7;1529
24/06/2019;2;697
24/06/2020;4;2943
24/06/2021;5;2465,62
28/05/2022;7;4493,25
24/07/2017;2;1069
24/07/2018;3;970
24/07/2019;4;1589
24/07/2020;6;2462,99
24/07/2021;7;4305
24/08/2015;2;152
24/08/2016;4;1578
24/08/2017;5;1999,4
24/08/2018;6;1953
24/08/2019;7;203
24/08/2020;2;925
24/08/2021;3;6278
24/09/2014;4;980
24/09/2016;7;505
24/09/2018;2;2388
24/09/2019;3;767
24/09/2020;5;2658
24/09/2021;6;9271
08/09/2022;5;4424,25
24/10/2014;6;1468
24/10/2016;2;110
24/10/2017;3;1013
24/10/2018;4;905
24/10/2019;5;3269
24/10/2020;7;2359
24/11/2014;2;789
24/11/2016;5;2003
24/11/2017;6;2768
24/11/2018;7;1162
24/11/2020;3;2844
24/11/2021;4;8929,5
08/01/2022;7;4358
24/12/2014;4;2282
24/12/2015;5;1900,7
24/12/2016;7;2199
24/12/2017;1;937
24/12/2018;2;4283
24/12/2019;3;3358
24/12/2020;5;5355
24/12/2021;6;3074,5
25/01/2016;2;2960
25/01/2017;4;822
25/01/2018;5;1415
25/01/2019;6;1096
25/01/2020;7;3719
25/01/2021;2;1496
11/01/2022;3;4351
25/02/2015;4;1743
25/02/2016;5;45
25/02/2017;7;1090
25/02/2019;2;710
25/02/2021;5;4736
25/03/2015;4;230
25/03/2017;7;1576,5
25/03/2019;2;675
25/03/2021;5;1769,5
14/12/2022;4;4319,2
25/04/2015;7;4185
25/04/2016;2;349
25/04/2017;3;1253
25/04/2018;4;2258
25/04/2019;5;2671
25/04/2020;7;1568
25/05/2015;2;710
25/05/2016;4;1639
25/05/2017;5;1466
25/05/2018;6;604
25/05/2019;7;2508
25/05/2021;3;6898
15/10/2022;7;4262,6
25/06/2015;5;481
25/06/2016;7;73
25/06/2018;2;1224
25/06/2019;3;915
25/06/2020;5;1585
25/06/2021;6;3930
25/07/2014;6;0,01
25/07/2015;7;1634
25/07/2016;2;480
25/07/2017;3;696,8
25/07/2018;4;1045
25/07/2019;5;514
25/07/2020;7;893
14/05/2022;7;4256,7
25/08/2014;2;980
25/08/2016;5;90
25/08/2017;6;1967,8
25/08/2018;7;1422
25/08/2020;3;1898,5
25/08/2021;4;1858
25/09/2014;5;1633
25/09/2017;2;871
25/09/2018;3;3242,84
25/09/2019;4;2871,98
25/09/2020;6;930
25/09/2021;7;1560
25/10/2014;7;2141
25/10/2016;3;685
25/10/2017;4;3201
25/10/2018;5;7474,5
25/10/2019;6;384
25/10/2021;2;3055
18/11/2022;6;4244,6
25/11/2014;3;689
25/11/2016;6;1292
25/11/2017;7;5925
25/11/2019;2;1902
25/11/2020;4;4138
25/11/2021;5;2680
26/01/2015;2;915
26/01/2017;5;117
26/01/2018;6;820,03
26/01/2019;7;534
26/01/2021;3;803
03/11/2022;5;4235,5
26/02/2015;5;90
26/02/2016;6;280
26/02/2018;2;2265
26/02/2020;4;2123,78
26/02/2021;6;3710
26/03/2015;5;1368,5
26/03/2016;7;2062
26/03/2018;2;3465
26/03/2019;3;1493
26/03/2021;6;1095
05/09/2022;2;4220,5
26/04/2017;4;1180
26/04/2018;5;1921
26/04/2019;6;4329
26/04/2021;2;3715
26/05/2014;2;0,01
26/05/2015;3;431
26/05/2017;6;2355
26/05/2018;7;1435
26/05/2020;3;590
26/05/2021;4;2117,15
04/05/2022;4;4186
26/06/2017;2;4382
26/06/2018;3;2176
26/06/2019;4;4588
26/06/2020;6;4694,5
26/06/2021;7;2498
26/07/2016;3;1520
26/07/2017;4;675
26/07/2018;5;1564
26/07/2019;6;565
26/07/2021;2;2244
26/08/2014;3;1622
26/08/2016;6;517
26/08/2017;7;1063
26/08/2019;2;2974
26/08/2020;4;3720
26/08/2021;5;5705
09/08/2022;3;4143,46
26/09/2014;6;2602,5
26/09/2016;2;1295
26/09/2017;3;5506
26/09/2018;4;1706
26/09/2019;5;567
26/09/2020;7;248
26/10/2016;4;1496
26/10/2017;5;2731
26/10/2018;6;739,6
26/10/2019;7;1747
26/10/2020;2;2405,95
26/10/2021;3;1735
09/02/2022;4;4141
26/11/2014;4;1831
26/11/2016;7;2176
26/11/2018;2;1553
26/11/2019;3;4116
26/11/2020;5;310
26/11/2021;6;1684
26/12/2014;6;2137
26/12/2015;7;262
26/12/2016;2;634
26/12/2017;3;1603
26/12/2018;4;4244
26/12/2019;5;1328
06/12/2022;3;4131,9
27/01/2015;3;783
27/01/2016;4;304
27/01/2017;6;5721,7
27/01/2018;7;1505
27/01/2020;2;4276
27/01/2021;4;555
27/02/2015;6;1144
27/02/2017;2;1988
27/02/2018;3;12
27/02/2019;4;180
27/02/2020;5;2821,56
27/02/2021;7;3868
27/03/2017;2;910
27/03/2018;3;1771,01
27/03/2019;4;360
27/03/2021;7;5941,06
27/04/2016;4;575
27/04/2017;5;338
27/04/2018;6;2351
27/04/2020;2;2132
27/04/2021;3;3798
13/06/2022;2;4090,7
27/05/2015;4;120
27/05/2016;6;35
27/05/2017;7;5475
27/05/2019;2;391
27/05/2020;4;1176
27/05/2021;5;1587
27/06/2016;2;361
27/06/2017;3;942
27/06/2018;4;1325
27/06/2019;5;107
27/06/2020;7;430
21/03/2022;2;4061,71
27/07/2015;2;651
27/07/2016;4;922
27/07/2017;5;3257
27/07/2018;6;2533
27/07/2019;7;1351
27/07/2020;2;2333
27/07/2021;3;3106
27/08/2014;4;295
27/08/2016;7;339
27/08/2018;2;4113,4
27/08/2019;3;247
27/08/2020;5;3272
27/08/2021;6;1933
23/07/2022;7;4035
27/09/2014;7;3382
27/09/2016;3;225
27/09/2017;4;305
27/09/2018;5;1606
27/09/2019;6;1790
27/09/2021;2;3457,8
27/10/2014;2;2167
27/10/2016;5;1685
27/10/2017;6;1682
27/10/2018;7;7925
27/10/2020;3;2415,46
27/10/2021;4;5866
15/03/2022;3;4029
27/11/2014;5;1438
27/11/2017;2;5687
27/11/2018;3;1304
27/11/2019;4;264
27/11/2020;6;1520
27/11/2021;7;4076
27/12/2016;3;1787
27/12/2017;4;3481
27/12/2018;5;582
27/12/2019;6;3153
27/12/2021;2;1962
28/01/2015;4;1008
28/01/2016;5;498
28/01/2017;7;1435,5
28/01/2019;2;1806
28/01/2020;3;1372
28/01/2021;5;914,6
28/01/2022;6;3994
28/02/2015;7;520
28/02/2018;4;1672
28/02/2019;5;10736
28/03/2015;7;170
28/03/2016;2;75
28/03/2017;3;394
28/03/2018;4;1480
28/03/2019;5;1286
20/06/2022;2;3988,15
28/04/2016;5;762
28/04/2017;6;3389
28/04/2018;7;468,5
28/04/2020;3;1860
28/04/2021;4;1760
28/05/2014;4;0,01
28/05/2015;5;240
28/05/2018;2;2416
28/05/2019;3;1550
28/05/2020;5;2815
28/05/2021;6;3422
05/11/2022;7;3979,8
28/06/2016;3;727
28/06/2017;4;1005
28/06/2018;5;891,6
28/06/2019;6;5160
28/06/2021;2;1835
28/07/2014;2;420,02
28/07/2015;3;160
28/07/2016;5;1700
28/07/2017;6;2953
28/07/2018;7;916
28/07/2020;3;3030
28/07/2021;4;1770
30/06/2022;5;3950
28/08/2014;5;587
28/08/2017;2;2160
28/08/2018;3;891,6
28/08/2019;4;2016,44
28/08/2020;6;1990
28/08/2021;7;1575
28/09/2016;4;1551
28/09/2017;5;1648
28/09/2018;6;1890,41
28/09/2019;7;1712
28/09/2020;2;2163,84
28/09/2021;3;4674,5
28/10/2014;3;20
28/10/2016;6;580
28/10/2017;7;1252
28/10/2019;2;1059,57
28/10/2020;4;2925
28/10/2021;5;4178
26/09/2022;2;3939
28/11/2014;6;1277
28/11/2016;2;711,4
28/11/2017;3;795
28/11/2018;4;2176
28/11/2019;5;1885
28/11/2020;7;2217
28/12/2015;2;527
28/12/2016;4;743,9
28/12/2017;5;1202
28/12/2018;6;474
28/12/2019;7;290
28/12/2020;2;834
28/12/2021;3;4256
03/03/2022;5;3873
29/01/2015;5;540
29/01/2016;6;1343
29/01/2018;2;1335
29/01/2019;3;188,5
29/01/2020;4;1680
29/01/2021;6;2099
29/02/2016;2;1400
29/02/2020;7;3615
29/03/2016;3;1555
29/03/2017;4;515
29/03/2018;5;1098
29/03/2019;6;1150
29/03/2021;2;1534,56
09/11/2022;4;3860,5
29/04/2015;4;1219,5
29/04/2016;6;395
29/04/2017;7;1757
29/04/2019;2;2364
29/04/2020;4;33
29/04/2021;5;1654
29/05/2014;5;0,01
29/05/2015;6;1462
29/05/2017;2;969
29/05/2018;3;1508,5
29/05/2019;4;1711
29/05/2020;6;2207
29/05/2021;7;4386
29/06/2015;2;20
29/06/2016;4;501,9
29/06/2017;5;1777,5
29/06/2018;6;664
29/06/2019;7;3981
29/06/2020;2;374
29/06/2021;3;630
01/07/2022;6;3783,4
29/07/2014;3;560,02
29/07/2015;4;1177
29/07/2016;6;200
29/07/2017;7;979
29/07/2019;2;2375
29/07/2020;4;1311
29/07/2021;5;430
29/08/2014;6;888
29/08/2016;2;277
29/08/2017;3;706
29/08/2018;4;290
29/08/2019;5;1857
29/08/2020;7;1082
23/11/2022;4;3767,1
29/09/2014;2;101
29/09/2016;5;833
29/09/2017;6;120
29/09/2018;7;1182
29/09/2020;3;1238
29/09/2021;4;2255
29/10/2014;4;966
29/10/2016;7;648
29/10/2018;2;1035
29/10/2019;3;1677,5
29/10/2020;5;3356
29/10/2021;6;1970
19/11/2022;7;3740,34
29/11/2014;7;857
29/11/2016;3;3111,9
29/11/2017;4;1391
29/11/2018;5;4108,86
29/11/2019;6;5838
29/11/2021;2;3268
29/12/2014;2;3155
29/12/2015;3;645
29/12/2016;5;1663,9
29/12/2017;6;1770,03
29/12/2018;7;3143
29/12/2020;3;801
29/12/2021;4;1456
20/12/2022;3;3687
30/01/2015;6;150
30/01/2016;7;1946
30/01/2017;2;675,4
30/01/2018;3;1430
30/01/2019;4;1900
30/01/2020;5;2379
30/01/2021;7;2167
30/03/2015;2;1307
30/03/2016;4;1405
30/03/2017;5;2080
30/03/2019;7;3406
30/03/2020;2;15520
30/03/2021;3;1032
30/04/2015;5;916
30/04/2016;7;963
30/04/2018;2;2200
30/04/2019;3;730
30/04/2020;5;1119
30/04/2021;6;55
28/09/2022;4;3671,8
30/05/2014;6;0,02
30/05/2015;7;1578
30/05/2016;2;992
30/05/2017;3;1373
30/05/2018;4;4055
30/05/2019;5;2603
30/05/2020;7;190
30/06/2015;3;2093
30/06/2016;5;501
30/06/2017;6;2341
30/06/2018;7;2324
30/06/2020;3;2951
30/06/2021;4;945
29/09/2022;5;3651
30/07/2014;4;930,01
30/07/2015;5;1313
30/07/2016;7;168
30/07/2018;2;1834
30/07/2019;3;3535
30/07/2020;5;2688
30/07/2021;6;923
30/08/2014;7;850
30/08/2016;3;2668
30/08/2017;4;842
30/08/2018;5;2382
30/08/2019;6;2028
30/08/2021;2;650
01/08/2022;2;3628,5
30/09/2014;3;1598
30/09/2016;6;2287,5
30/09/2017;7;37
30/09/2019;2;2554
30/09/2020;4;2850
30/09/2021;5;375
30/10/2014;5;1323
30/10/2017;2;1675
30/10/2018;3;640
30/10/2019;4;798
30/10/2020;6;1976
30/10/2021;7;1353,6
30/11/2016;4;2005,3
30/11/2017;5;768
30/11/2018;6;5730
30/11/2019;7;2060
30/11/2020;2;535
30/11/2021;3;5886
01/09/2022;5;3614
30/12/2014;3;2905
30/12/2015;4;2290
30/12/2016;6;2855
30/12/2017;7;50
30/12/2019;2;6021
30/12/2020;4;3092
30/12/2021;5;2665
02/08/2022;3;3614
31/01/2015;7;1498
31/01/2017;3;1375
31/01/2018;4;1340
31/01/2019;5;1357
31/01/2020;6;3449
31/03/2015;3;1229
31/03/2016;5;2692
31/03/2017;6;2104
31/03/2018;7;1618
31/03/2021;4;601
31/05/2014;7;15,01
31/05/2016;3;150
31/05/2017;4;4239
31/05/2019;6;1995
31/05/2021;2;3450,5
20/10/2022;5;3584,5
31/07/2014;5;2180,04
31/07/2015;6;333
31/07/2017;2;2190
31/07/2018;3;1313
31/07/2019;4;270
31/07/2020;6;2587,99
31/07/2021;7;2758
31/08/2016;4;1300
31/08/2017;5;425
31/08/2018;6;1673,52
31/08/2019;7;3830
31/08/2020;2;1008
31/08/2021;3;2824
31/10/2014;6;391
31/10/2016;2;270
31/10/2017;3;3208
31/10/2018;4;1442
31/10/2019;5;2500
31/10/2020;7;5232
11/04/2022;2;3578
31/12/2015;5;405
31/12/2016;7;1374,9
31/12/2019;3;2005
31/12/2020;5;263
31/12/2021;6;1730
23/09/2022;6;3565
26/12/2022;2;3540
19/10/2022;4;3534,16
08/04/2022;6;3517,9
27/04/2022;4;3504
14/02/2022;2;3392
02/06/2022;5;3333,3
12/11/2022;7;3310,8
02/09/2022;6;3292,66
10/09/2022;7;3236,35
01/10/2022;7;3233,5
11/10/2022;3;3207,5
05/05/2022;5;3203,4
23/05/2022;2;3200,5
16/11/2022;4;3200,2
26/08/2022;6;3099
13/08/2022;7;3085,5
05/07/2022;3;3069,4
26/01/2022;4;3067
25/10/2022;3;3042
12/12/2022;2;3029
14/04/2022;5;3026
03/02/2022;5;3010
16/12/2022;6;2949,2
12/03/2022;7;2934
07/03/2022;2;2931
08/02/2022;3;2884
25/01/2022;3;2869
10/08/2022;4;2854,6
24/11/2022;5;2806
07/01/2022;6;2803
22/03/2022;3;2793
04/03/2022;6;2772
24/10/2022;2;2746,44
20/09/2022;3;2745,5
27/12/2022;3;2719,75
25/03/2022;6;2702
22/07/2022;6;2655,8
27/05/2022;6;2639,5
30/05/2022;2;2629,46
09/05/2022;2;2628
19/09/2022;2;2598,6
18/03/2022;6;2594
14/07/2022;5;2586,8
22/02/2022;3;2582
21/10/2022;6;2572,3
18/05/2022;4;2563,5
04/02/2022;6;2557
31/01/2022;2;2537,3
14/09/2022;4;2533,9
28/11/2022;2;2531,3
21/01/2022;6;2527
25/04/2022;2;2505
12/07/2022;3;2496,99
16/09/2022;6;2485
01/11/2022;3;2448
22/10/2022;7;2445,5
02/07/2022;7;2403
10/03/2022;5;2391,5
07/02/2022;2;2300
20/07/2022;4;2292,75
24/03/2022;5;2264,9
17/03/2022;5;2260,6
12/05/2022;5;2252,1
19/07/2022;3;2238,5
26/02/2022;7;2202
19/03/2022;7;2196
06/08/2022;7;2176,65
22/09/2022;5;2176
15/01/2022;7;2169
02/02/2022;4;2160
23/04/2022;7;2154
11/11/2022;6;2145
03/09/2022;7;2139,4
18/06/2022;7;2128,4
22/04/2022;6;2111
06/05/2022;6;2086,9
09/03/2022;4;2070
13/01/2022;5;2035
16/04/2022;7;2016
25/06/2022;7;2007,2
25/08/2022;5;1965
02/12/2022;6;1953,5
15/07/2022;6;1938,5
15/06/2022;4;1933,1
10/05/2022;3;1932,5
01/04/2022;6;1932
13/10/2022;5;1922,96
14/03/2022;2;1918,9
07/05/2022;7;1912,9
26/03/2022;7;1910
29/06/2022;4;1907,2
20/08/2022;7;1871
12/04/2022;3;1848
20/05/2022;6;1827,9
29/01/2022;7;1813,2
02/04/2022;7;1778,9
16/08/2022;3;1773,47
30/07/2022;7;1750
26/05/2022;5;1742,9
23/02/2022;4;1735
18/02/2022;6;1704
02/05/2022;2;1698
09/04/2022;7;1696
10/11/2022;5;1642
03/05/2022;3;1636
25/11/2022;6;1631,5
03/10/2022;2;1613,5
07/04/2022;5;1611,8
20/04/2022;4;1608,5
26/04/2022;3;1599,5
24/08/2022;4;1594
06/01/2022;5;1565
04/04/2022;2;1492,5
26/07/2022;3;1472,25
15/02/2022;3;1459,5
13/04/2022;4;1452
28/07/2022;5;1438,5
04/01/2022;3;1415
21/02/2022;2;1400
14/11/2022;2;1351
06/06/2022;2;1340
14/06/2022;3;1178
27/08/2022;7;1114,4
02/03/2022;4;1080
24/01/2022;2;1080
11/02/2022;6;1059
05/04/2022;3;1028,4
18/12/2022;1;1000,8
23/03/2022;4;992
24/02/2022;5;912,8
18/01/2022;3;909,2
28/03/2022;2;870
17/09/2022;7;837
30/03/2022;4;819,5
18/10/2022;3;794
05/01/2022;4;750
17/02/2022;5;749
19/02/2022;7;747
31/12/2022;7;698,8
12/02/2022;7;635
16/02/2022;4;619
03/01/2022;2;554
27/01/2022;5;520
25/02/2022;6;498
10/02/2022;5;485
11/03/2022;6;416
19/01/2022;4;309
22/01/2022;7;260
28/02/2022;2;160
17/01/2022;2;68
;;
;;
;;
;;
;;
;;
;;
;;
;;
;;
;;
;;
;;
;;
;;
;;
;;
;;
;;
;;
;;
;;
;;
;;
;;
;;
;;
;;
;;
;;
;;
;;
;;
;;
;;
;;
;;
;;
;;
;;
;;
;;
;;
;;
;;
;;
;;
;;
;;
;;
;;
;;
;;
;;
;;
;;
;;
;;
;;
;;
;;
;;
;;
;;
;;
;;
;;
;;
;;
;;
;;
;;
;;
;;
;;
;;
;;
;;
;;
;;
;;
;;
;;
;;
;;
;;
;;
;;
;;
;;
;;
;;
;;
;;
;;
;;
;;
;;
;;
;;
;;
;;
;;
;;
;;
;;
;;
;;
;;
;;
;;
;;
;;
;;
;;
;;
;;
;;
;;
;;
;;
;;
;;
;;
;;
;;
;;
;;
;;
;;
;;
;;
;;
;;
;;
;;
;;
;;
;;
;;
;;
;;
;;
;;
;;
;;
;;
;;
;;
;;
;;
;;
;;
;;
;;
;;
;;
;;
;;
;;
;;
;;
;;
;;
;;
;;
;;
;;
;;
;;
;;
;;
;;
;;
;;
;;
;;
;;
;;
;;
;;
;;
;;
;;
;;
;;
;;
;;
;;
;;
;;
;;
;;
;;
;;
;;
;;
;;
;;
;;
;;
;;
;;
;;
;;
;;
;;
;;
;;
;;
;;
;;
;;
;;
;;
;;
;;
;;
;;
;;
;;
;;
;;
;;
;;
;;
;;
;;
;;
;;
;;
;;
;;
;;
;;
;;
;;
;;
;;
;;
;;
;;
;;
;;
;;
;;
;;
;;
;;
;;
;;
;;
;;
;;
;;
;;
;;
;;
;;
;;
;;
;;
;;
;;
;;
;;
;;
;;
;;
;;
;;
;;
;;
;;
;;
;;
;;
;;
;;
;;
;;
;;
;;
;;
;;
;;
;;
;;
;;
;;
;;
;;
;;
;;
;;
;;
;;
;;
;;
;;
;;
;;
01/02/2023;4;4439
01/03/2023;4;7216,9
01/04/2023;7;2802,5
01/06/2023;5;6645,3
01/07/2023;7;2683,2
01/08/2023;3;3457,5
01/09/2023;6;4003
01/11/2023;4;2800,33
01/12/2023;6;5005
02/02/2023;5;6286,05
02/03/2023;5;3642
02/05/2023;3;4898
02/06/2023;6;4391,35
02/08/2023;4;4195
02/09/2023;7;1462
02/10/2023;2;2480
02/12/2023;7;6022,5
03/01/2023;3;2665,4
03/02/2023;6;2409,5
03/03/2023;6;2261
03/04/2023;2;14289
03/05/2023;4;2628,6
03/06/2023;7;3007,6
03/07/2023;2;2841
03/08/2023;5;6939,5
03/10/2023;3;6708
03/11/2023;6;9543,5
04/01/2023;4;3819
04/02/2023;7;2755
04/03/2023;7;2140,8
04/04/2023;3;1678
04/05/2023;5;7527,09
04/07/2023;3;1417,6
04/08/2023;6;3152,5
04/09/2023;2;3635
04/10/2023;4;9627
04/11/2023;7;6530
04/12/2023;2;2742
05/01/2023;5;2706
05/04/2023;4;1713,9
05/05/2023;6;5416,4
05/06/2023;2;2708
05/07/2023;4;2739
05/08/2023;7;4310,5
05/09/2023;3;2668
05/10/2023;5;3560,6
05/12/2023;3;10266,9
06/01/2023;6;4705
06/02/2023;2;3640,75
06/03/2023;2;2762,5
06/04/2023;5;11133,25
06/05/2023;7;2306
06/06/2023;3;4599,5
06/07/2023;5;6223,6
06/09/2023;4;5955,5
06/10/2023;6;8612
06/11/2023;2;7826,3
06/12/2023;4;6042
07/01/2023;7;3823,25
07/02/2023;3;4387
07/03/2023;3;4789,1
07/06/2023;4;5727,2
07/07/2023;6;11005,4
07/08/2023;2;8853,5
07/10/2023;7;4040
07/11/2023;3;7877,25
07/12/2023;5;6868,9
08/02/2023;4;9410,7
08/03/2023;4;5755,75
08/04/2023;7;5058,75
08/05/2023;2;11796,45
08/07/2023;7;3008,5
08/08/2023;3;10069,45
08/09/2023;6;8673,74
08/11/2023;4;13058,52
08/12/2023;6;6326,5
09/01/2023;2;6654,75
09/02/2023;5;4496
09/03/2023;5;7142,65
09/05/2023;3;2361,75
09/06/2023;6;9482,99
09/08/2023;4;4358
09/09/2023;7;2998
09/10/2023;2;14803,5
09/11/2023;5;5554,5
09/12/2023;7;7732
10/01/2023;3;4182,2
10/02/2023;6;9497,9
10/03/2023;6;5513,2
10/04/2023;2;6878
10/05/2023;4;4294,6
10/06/2023;7;4889
10/07/2023;2;5712,5
10/08/2023;5;3229
10/10/2023;3;6177,9
10/11/2023;6;4256
11/01/2023;4;5334,31
11/02/2023;7;7712
11/03/2023;7;3337,3
11/04/2023;3;5484,9
11/05/2023;5;4461,3
11/07/2023;3;6282
11/08/2023;6;2670,5
11/09/2023;2;4588,5
11/10/2023;4;13119
11/11/2023;7;7858,5
11/12/2023;2;5237,9
12/01/2023;5;6265,5
12/04/2023;4;6105
12/05/2023;6;4544
12/06/2023;2;6951,75
12/07/2023;4;1532
12/08/2023;7;8878
12/09/2023;3;5402
12/12/2023;3;10425
13/01/2023;6;7387,5
13/02/2023;2;2158,25
13/03/2023;2;5077,5
13/04/2023;5;2855
13/05/2023;7;3709
13/06/2023;3;5900,35
13/07/2023;5;3695,5
13/09/2023;4;9449,5
13/10/2023;6;5059,5
13/11/2023;2;6955,5
13/12/2023;4;5069
14/01/2023;7;463,2
14/02/2023;3;3983
14/03/2023;3;5867
14/04/2023;6;3916,9
14/06/2023;4;6229
14/07/2023;6;3896
14/08/2023;2;3950,4
14/09/2023;5;1291,05
14/10/2023;7;3780
14/11/2023;3;6307
14/12/2023;5;5204
15/02/2023;4;4029,5
15/03/2023;4;10034,5
15/04/2023;7;5385,9
15/05/2023;2;2015
15/06/2023;5;4809
15/07/2023;7;8573
15/09/2023;6;3055
15/12/2023;6;11028,1
16/01/2023;2;4210,5
16/02/2023;5;2823,3
16/03/2023;5;3117
16/05/2023;3;6417
16/06/2023;6;7962
16/08/2023;4;5360,32
16/09/2023;7;1136
16/10/2023;2;4259
16/11/2023;5;2748,9
16/12/2023;7;9182
17/01/2023;3;2430
17/02/2023;6;10459,7
17/03/2023;6;3849
17/04/2023;2;3605
17/05/2023;4;4406,8
17/06/2023;7;4403
17/07/2023;2;5288,5
17/08/2023;5;852
17/10/2023;3;844
17/11/2023;6;2697
18/01/2023;4;2260,5
18/02/2023;7;6004,8
18/03/2023;7;3979
18/04/2023;3;1603
18/05/2023;5;2348,5
18/07/2023;3;2628
18/08/2023;6;7071,5
18/09/2023;2;3592,5
18/10/2023;4;2727
18/11/2023;7;3444,2
18/12/2023;2;6839,5
19/01/2023;5;2266
19/04/2023;4;5295
19/05/2023;6;10002
19/06/2023;2;3268
19/07/2023;4;4880,19
19/08/2023;7;2466,6
19/09/2023;3;1886
19/10/2023;5;1911,2
19/12/2023;3;9883,89
20/01/2023;6;5653
20/02/2023;2;4664
20/03/2023;2;10277
20/04/2023;5;1261,5
20/05/2023;7;1893
20/06/2023;3;2055
20/07/2023;5;11713
20/09/2023;4;4699,8
20/10/2023;6;7708
20/12/2023;4;5743,9
21/01/2023;7;6876,3
21/03/2023;3;5071,8
21/06/2023;4;4538
21/07/2023;6;1588
21/08/2023;2;4491
21/09/2023;5;8734
21/10/2023;7;2110,5
21/11/2023;3;1574
21/12/2023;5;8553,9
22/02/2023;4;4468
22/03/2023;4;2490
22/04/2023;7;5403
22/05/2023;2;2428
22/06/2023;5;4046,6
22/07/2023;7;5552
22/08/2023;3;2189
22/09/2023;6;4426,1
22/11/2023;4;4331,5
22/12/2023;6;7043,5
23/01/2023;2;2795
23/02/2023;5;774,5
23/03/2023;5;2975
23/05/2023;3;9555
23/06/2023;6;2040
23/08/2023;4;1932,2
23/09/2023;7;2355
23/10/2023;2;2710,34
23/11/2023;5;11710
23/12/2023;7;4809
24/01/2023;3;4116
24/02/2023;6;3600,8
24/03/2023;6;1810
24/04/2023;2;7821
24/05/2023;4;2680,75
24/06/2023;7;7404
24/07/2023;2;3392,5
24/08/2023;5;3104
24/10/2023;3;3083
24/11/2023;6;2546
24/12/2023;1;591,4
25/01/2023;4;2624,4
25/02/2023;7;4223,2
25/03/2023;7;6268,6
25/04/2023;3;3830,75
25/05/2023;5;6393
25/07/2023;3;3302
25/08/2023;6;1097
25/09/2023;2;1840
25/10/2023;4;4041,5
25/11/2023;7;7089
26/01/2023;5;2595,8
26/04/2023;4;2107,25
26/05/2023;6;2665,5
26/06/2023;2;5517,2
26/07/2023;4;2297,5
26/08/2023;7;1997
26/09/2023;3;4386
26/10/2023;5;5050
26/12/2023;3;2753
27/01/2023;6;3458
27/02/2023;2;7152
27/03/2023;2;2512
27/04/2023;5;1695
27/05/2023;7;3776
27/06/2023;3;4436,1
27/07/2023;5;1388
27/09/2023;4;1779
27/10/2023;6;6190,4
27/11/2023;2;4365,5
27/12/2023;4;3457,4
28/01/2023;7;6761
28/02/2023;3;2418
28/03/2023;3;2434,8
28/04/2023;6;2536,9
28/06/2023;4;2876,65
28/07/2023;6;1585,8
28/08/2023;2;3914
28/09/2023;5;6619
28/10/2023;7;4577,6
28/11/2023;3;1399
28/12/2023;5;9007
29/03/2023;4;5278,25
29/04/2023;7;2570,8
29/05/2023;2;5395
29/06/2023;5;2672,8
29/07/2023;7;4252
29/08/2023;3;6641,99
29/09/2023;6;2227,5
29/11/2023;4;10069,99
29/12/2023;6;6789,75
30/01/2023;2;5165
30/03/2023;5;1821
30/05/2023;3;3823,8
30/06/2023;6;11335,5
30/08/2023;4;6150
30/09/2023;7;1405,75
30/10/2023;2;4468,25
30/11/2023;5;5515,15
30/12/2023;7;4200
31/01/2023;3;7117
31/03/2023;6;7792,75
31/05/2023;4;4667,49
31/07/2023;2;3013
31/08/2023;5;2270
31/10/2023;3;2358,34
01/02/2024;5;6983
01/03/2024;6;4169,2
01/04/2024;2;13267,99
01/06/2024;7;3678,25
01/07/2024;2;2508,25
01/08/2024;5;5359,75
01/10/2024;3;8810,9
01/11/2024;6;4142,5
02/02/2024;6;1217,5
02/03/2024;7;8749,67
02/04/2024;3;3161,2
02/05/2024;5;8209,6
02/07/2024;3;8390,45
02/08/2024;6;5430
02/09/2024;2;4880
02/10/2024;4;8319,25
02/12/2024;2;4304,8
03/01/2024;4;7017,25
03/02/2024;7;3500
03/04/2024;4;3915,4
03/05/2024;6;4023
03/06/2024;2;6879,5
03/07/2024;4;12491
03/08/2024;7;5078
03/09/2024;3;1665,75
03/10/2024;5;5402
03/12/2024;3;3435
04/01/2024;5;3564,65
04/03/2024;2;3930
04/04/2024;5;1728
04/05/2024;7;3693
04/06/2024;3;5057,5
04/07/2024;5;4059
04/09/2024;4;3565
04/10/2024;6;3220
04/11/2024;2;8042
04/12/2024;4;5027,9
05/01/2024;6;6944,5
05/02/2024;2;1897
05/03/2024;3;2575
05/04/2024;6;5511
05/06/2024;4;10840,9
05/07/2024;6;6914
05/08/2024;2;3885,5
05/09/2024;5;3407
05/10/2024;7;7091
05/11/2024;3;3311
05/12/2024;5;8583,99
06/01/2024;7;1743,5
06/02/2024;3;4801,8
06/03/2024;4;10850
06/04/2024;7;12976
06/05/2024;2;8320,5
06/06/2024;5;7410,5
06/07/2024;7;3461,5
06/08/2024;3;3157,93
06/09/2024;6;5065,4
06/11/2024;4;4098
06/12/2024;6;12221,5
07/02/2024;4;10210
07/03/2024;5;6632
07/05/2024;3;4806,3
07/06/2024;6;4973,25
07/08/2024;4;8458,7
07/10/2024;2;7240
07/11/2024;5;2384,6
07/12/2024;7;7778,7
08/01/2024;2;1802,4
08/02/2024;5;3861
08/03/2024;6;7475,6
08/04/2024;2;5365,25
08/05/2024;4;5068,8
08/06/2024;7;4881
08/07/2024;2;5992,5
08/08/2024;5;2671
08/10/2024;3;3584
08/11/2024;6;7832,6
09/01/2024;3;3598,95
09/02/2024;6;1837
09/03/2024;7;3073,9
09/04/2024;3;6908
09/05/2024;5;11393
09/08/2024;6;3022
09/09/2024;2;6054
09/10/2024;4;5442
09/11/2024;7;8268
09/12/2024;2;7493,5
10/01/2024;4;5260,5
10/02/2024;7;2902
10/04/2024;4;1728
10/05/2024;6;3123
10/06/2024;2;12221
10/07/2024;4;3555
10/08/2024;7;3270,51
10/09/2024;3;7734
10/10/2024;5;2826
10/12/2024;3;4646,4
11/01/2024;5;6804,25
11/03/2024;2;6195,9
11/04/2024;5;5657
11/05/2024;7;7595
11/06/2024;3;9232
11/07/2024;5;2543
11/09/2024;4;3479
11/10/2024;6;5058
11/11/2024;2;5031
11/12/2024;4;9727,28
12/01/2024;6;4650
12/02/2024;2;1893
12/03/2024;3;4036,2
12/04/2024;6;2150
12/06/2024;4;6968
12/07/2024;6;2735
12/08/2024;2;1754
12/09/2024;5;3325
12/11/2024;3;5747,5
12/12/2024;5;5980,83
13/01/2024;7;12707
13/03/2024;4;10434
13/04/2024;7;4949
13/05/2024;2;6816,25
13/06/2024;5;8746
13/07/2024;7;5943,6
13/08/2024;3;2097,8
13/09/2024;6;3907,75
13/11/2024;4;1758,9
13/12/2024;6;6216,4
14/02/2024;4;2085,8
14/03/2024;5;1586
14/05/2024;3;5103
14/06/2024;6;4175,9
14/08/2024;4;2703,2
14/09/2024;7;1514
14/10/2024;2;4154
14/11/2024;5;2695,5
14/12/2024;7;7636,2
15/01/2024;2;7310,4
15/02/2024;5;2943
15/03/2024;6;9928,8
15/04/2024;2;6327
15/05/2024;4;8039,8
15/06/2024;7;7608
15/07/2024;2;2394,3
15/10/2024;3;2488
16/01/2024;3;3325
16/02/2024;6;3686,6
16/03/2024;7;6555
16/04/2024;3;3958,95
16/05/2024;5;7412
16/07/2024;3;2518
16/08/2024;6;7857
16/09/2024;2;8923,75
16/10/2024;4;4412
16/11/2024;7;2329,8
16/12/2024;2;5876
17/01/2024;4;5102
17/02/2024;7;1894,25
17/04/2024;4;8241
17/05/2024;6;8458
17/06/2024;2;3471,3
17/07/2024;4;2852
17/08/2024;7;1442,5
17/09/2024;3;9226
17/10/2024;5;1429
17/12/2024;3;10279,9
18/01/2024;5;3687
18/03/2024;2;4690,6
18/04/2024;5;5230
18/05/2024;7;6482,4
18/06/2024;3;8658
18/07/2024;5;4428,5
18/09/2024;4;2157,5
18/10/2024;6;4135
18/11/2024;2;6590,9
18/12/2024;4;5501,85
19/01/2024;6;2350
19/02/2024;2;1280,25
19/03/2024;3;2291,5
19/04/2024;6;7578
19/06/2024;4;7765
19/07/2024;6;4893,4
19/08/2024;2;2739,2
19/09/2024;5;5202,5
19/10/2024;7;7495,5
19/11/2024;3;7287
19/12/2024;5;8723,6
20/01/2024;7;5838
20/02/2024;3;10872,3
20/03/2024;4;5077
20/04/2024;7;2685
20/05/2024;2;2103,5
20/06/2024;5;3456
20/07/2024;7;1667
20/08/2024;3;7477,3
20/09/2024;6;2125,2
20/12/2024;6;8924
21/02/2024;4;2755
21/03/2024;5;885
21/05/2024;3;4436,9
21/06/2024;6;3538
21/08/2024;4;5057
21/09/2024;7;6449,7
21/10/2024;2;8587
21/11/2024;5;2863,5
21/12/2024;7;7766
22/01/2024;2;5507
22/02/2024;5;3192
22/03/2024;6;5018,9
22/04/2024;2;6382
22/05/2024;4;4549
22/06/2024;7;2473
22/07/2024;2;2861
22/08/2024;5;6930,75
22/10/2024;3;8736,75
22/11/2024;6;6487,5
22/12/2024;1;1157
23/01/2024;3;2051,25
23/02/2024;6;1015
23/03/2024;7;8095,8
23/04/2024;3;4242,8
23/05/2024;5;1129,8
23/07/2024;3;3036
23/08/2024;6;5322
23/09/2024;2;4569,5
23/10/2024;4;1372,5
23/11/2024;7;2818
23/12/2024;2;11325,3
24/01/2024;4;5367,43
24/02/2024;7;2507
24/04/2024;4;5057
24/05/2024;6;3671,5
24/06/2024;2;5211
24/07/2024;4;6112
24/08/2024;7;846
24/09/2024;3;1338
24/10/2024;5;7206
24/12/2024;3;11355,2
25/01/2024;5;3411
25/03/2024;2;4988,8
25/04/2024;5;4595
25/05/2024;7;1348
25/06/2024;3;7600,9
25/07/2024;5;4085
25/09/2024;4;5741,25
25/10/2024;6;3093
25/11/2024;2;2187
26/01/2024;6;3578,8
26/02/2024;2;9348
26/03/2024;3;6324,5
26/04/2024;6;3356
26/06/2024;4;5869
26/07/2024;6;3324
26/08/2024;2;386
26/09/2024;5;7773,25
26/10/2024;7;332,43
26/11/2024;3;1669
26/12/2024;5;2625,5
27/01/2024;7;2967,5
27/02/2024;3;6409,5
27/03/2024;4;8207
27/04/2024;7;8585
27/05/2024;2;3266
27/06/2024;5;5406
27/07/2024;7;6792,5
27/08/2024;3;4384,1
27/09/2024;6;6794
27/11/2024;4;3288,4
27/12/2024;6;5344,5
28/02/2024;4;5841,5
28/03/2024;5;3135,8
28/05/2024;3;3529
28/06/2024;6;4343
28/08/2024;4;2837,5
28/09/2024;7;2066
28/10/2024;2;6067,6
28/11/2024;5;3891,3
28/12/2024;7;3436
29/01/2024;2;1819
29/02/2024;5;2926,8
29/04/2024;2;8086
29/05/2024;4;5514,5
29/06/2024;7;10924,55
29/07/2024;2;2679
29/08/2024;5;548,75
29/10/2024;3;230
29/11/2024;6;5925
30/01/2024;3;4400,6
30/03/2024;7;1839
30/04/2024;3;4253,95
30/07/2024;3;6438
30/08/2024;6;3744,2
30/09/2024;2;3069
30/10/2024;4;8496
30/11/2024;7;5613,5
30/12/2024;2;3496,5
31/01/2024;4;5264,49
31/05/2024;6;5009,5
31/07/2024;4;7953,8
31/08/2024;7;4760
31/10/2024;5;6554,99
31/12/2024;3;5048
